Player,Tm,MP,3PA,3P%,2PA,2P%,FTA,FT%,ORB,DRB,AST,STL,BLK,TOV,PF,PTS,TS%,USG%,DBPM,G
Toney Douglas,MEM,107,5.3,0.273,12.1,0.44,2.4,0.8,1,6.8,7.7,2.9,0.5,2.4,4.3,16.9,0.458,18.2,1.6,
Kay Felder,CLE,108,1.8,0.5,16.2,0.4,7.4,0.75,0.9,6,9.7,0.9,0.5,4.2,5.1,21.3,0.5,22.5,-1.6,
Chris Andersen,CLE,114,1.3,0,8.3,0.474,6.1,0.714,3.9,9.6,2.2,2.2,3.1,2.2,8.8,12.3,0.497,12.8,3.6,
Brandon Bass,LAC,118,0.4,1,14.8,0.486,2.5,1,3,5.5,3,0.4,1.3,1.7,5.1,18.2,0.556,16,-0.2,
Jake Layman,POR,118,13.7,0.242,5.8,0.5,3.7,0.778,0.8,4.1,2.5,2.5,0.4,1.7,5,18.6,0.442,20.3,-3.4,
Gerald Green,BOS,120,10.8,0.269,10.4,0.32,3.3,0.75,1.7,7.1,6.7,1.3,0.4,2.9,5,17.9,0.394,22.9,-1.7,
Timothe Luwawu-Cabarrot,PHI,121,4.9,0.25,9.4,0.391,7.4,0.667,0.4,6.2,2.5,2.1,1.2,2.1,7,16,0.454,17.5,-0.2,
Brandon Rush,MIN,121,5.8,0.286,4.2,0.2,0.8,0.5,0,5.8,2.9,0.8,0.8,2.1,2.1,7.1,0.342,10.8,-1.2,
Kevin Seraphin,IND,124,0,,20.2,0.49,1.6,0.5,7.1,10.7,3.2,1.2,2,3.2,5.6,20.6,0.493,21.7,0.5,
Sasha Vujacic,NYK,124,7.6,0.263,5.2,0.462,1.6,0.75,0.8,8,5.6,1.6,0,3.6,6,12,0.444,14.8,-1.2,
Chandler Parsons,MEM,126,8.6,0.238,10.2,0.52,2.5,0.833,0.8,6.6,2,0.8,0.8,3.3,2,18.8,0.473,20.3,-0.7,
Tyler Ennis,HOU,130,4.2,0.364,12.1,0.406,0.8,0.5,1.5,3,9.1,1.9,0,5.7,7.5,14.7,0.444,19.5,-2.3,
Dirk Nowitzki,DAL,131,8.8,0.273,18.1,0.4,2.8,1,0.8,12.1,2.8,1.2,1.2,2,3.6,24.5,0.435,27.1,-0.8,
Anthony Brown,NOP,143,8.2,0.25,5.8,0.471,0,,2.1,6.8,2.1,1.7,0.3,1.7,4.4,11.6,0.415,14.2,-0.2,
Jordan McRae,CLE,144,6.2,0.278,17.3,0.32,2.8,0.875,1,4.5,3.1,1.4,0.7,1.4,4.2,18.7,0.378,23.1,-2.2,
Damjan Rudez,ORL,144,9.5,0.333,2.5,0.571,0,,1.8,4.2,2.5,2.5,0,2.1,6,12.3,0.515,12.5,-0.4,
Nicolas Brussino,DAL,149,7.1,0.3,3.9,0.455,2.5,0.857,1.4,6.7,6.4,2.1,1.1,2.5,4.6,12,0.499,13.1,1.3,
Marcelo Huertas,LAL,150,3.9,0.167,8.4,0.5,3.2,0.5,0.3,4.2,12,2.6,0.3,4.9,3.9,12,0.436,16.2,-2.6,
Rashad Vaughn,MIL,150,11.6,0.343,6.6,0.45,0,,0,4.6,1,1.7,1.3,1,2.7,17.9,0.491,17.1,-1.4,
Yogi Ferrell,BRK,151,8.4,0.296,6.9,0.455,5,0.625,1.3,2.5,5.3,0.6,0.6,4.4,3.4,16.9,0.482,19.6,-3.7,
Tyler Ulis,PHO,154,1.9,0.167,13.6,0.455,4.3,0.786,0.6,2.5,8.3,4.9,0.3,3.7,4,16.7,0.481,18.6,-0.2,
Jakob Poeltl,TOR,160,0,,10.1,0.438,4.7,0.533,7,7,1.3,1.9,1.6,1.3,10.4,11.4,0.466,11.9,0.7,
Lance Stephenson,NOP,162,3,0.1,13.6,0.556,2.4,0.625,0.9,4.5,8.8,0.6,0.3,3.3,5.4,17.5,0.496,19,-2.2,
Devin Harris,DAL,163,7.7,0.292,4.8,0.467,2.6,0.875,1,5.8,5.5,2.6,0,2.9,4.5,13.6,0.494,15,0.4,
Kyle Singler,OKC,163,5.4,0.167,5.1,0.529,2.4,0.875,0.3,5.7,0.9,0.3,0.6,2.4,3.6,10.2,0.441,12.2,-1.6,
Deyonta Davis,MEM,165,0,,10.6,0.588,3.4,0.545,4.7,8.4,0.6,0.3,3.8,2.5,9.1,14.4,0.592,12.8,2.6,
K.J. McDaniels,HOU,170,6.3,0.318,8.7,0.567,1.7,0.833,0.9,5.2,0.6,1.4,2.3,2.3,4.3,17.3,0.549,15.8,-0.4,
Nicolas Laprovittola,SAS,172,7.7,0.385,5.9,0.5,2.7,1,0.3,2.7,8.3,0.9,0.3,5.3,5.6,17.5,0.59,18.1,-3.2,
Gary Harris,DEN,175,5,0.389,13.4,0.563,5.3,0.684,0.8,5.6,5.6,1.4,0.6,1.7,4.5,24.5,0.592,19.2,-1.4,
Thomas Robinson,LAL,178,0,,13.4,0.388,6.3,0.478,6.8,11.2,1.9,2.2,1.1,2.5,6.3,13.4,0.414,16.2,-0.1,
Taurean Waller-Prince,ATL,178,6.6,0.292,8.7,0.5,3.3,0.917,1.1,9,3.3,1.1,1.4,3.3,5.2,17.5,0.522,17.8,0.2,
Darrell Arthur,DEN,179,7.1,0.462,7.1,0.423,0.5,1,1.4,5.2,4.1,0.8,1.1,3.8,6.5,16.4,0.567,15.6,-1,
Jodie Meeks,ORL,179,8.8,0.387,8.8,0.355,6.8,0.875,0.6,4.5,3.7,3.1,0,1.1,2.8,22.3,0.544,19.2,-1,
Andrew Nicholson,WAS,179,2.8,0.1,13.9,0.46,2.8,0.6,1.7,4.4,1.4,1.9,1.1,2.5,7.8,15.3,0.427,18,-1.4,
Mario Hezonja,ORL,185,8.5,0.194,13.1,0.417,2.7,0.7,0.8,5.7,2.7,1.6,0.5,4.4,3,17.8,0.39,24.1,-2.1,
Jose Calderon,LAL,195,6,0.417,7.5,0.533,1,1,1.5,6.2,9,1.2,0.2,5.5,3.7,16.4,0.592,16.9,-2.1,
Jeremy Lin,BRK,196,7.5,0.323,14,0.552,8,0.727,0.5,6,10.8,2.4,1,4.1,1.7,28.4,0.57,26,-1.3,
JaVale McGee,GSW,197,0.2,0,20.9,0.674,9.5,0.462,5.4,8.8,1.7,1.2,3.9,4.4,7.5,32.6,0.643,26.6,0.2,
Jeff Withey,UTA,202,0.3,0,10.2,0.59,5.5,0.762,5,9.1,0.5,2.1,4.7,1.8,6.8,16.2,0.63,13.3,3.6,
Miles Plumlee,MIL,206,0,,8.9,0.459,4.8,0.7,4.4,4.6,3.6,2.2,1.2,4.1,8.5,11.6,0.524,13.5,1.7,
Darrun Hilliard,DET,207,5.7,0.348,10.7,0.419,4,0.75,0.2,3.7,4,1.5,0.2,3.7,6.2,17.8,0.493,19.3,-0.6,
Kris Humphries,ATL,207,4.2,0.333,11.5,0.408,4.9,0.857,4.5,8.5,2.1,0.7,2.1,3.1,4.5,17.8,0.498,18.6,0,
Reggie Jackson,DET,208,7.6,0.355,18.5,0.4,6.2,0.84,0,3.7,9.4,1.2,0.2,3.9,6.2,28.1,0.487,29,-2.2,
Tyus Jones,MIN,208,5.6,0.435,5.8,0.417,3.6,0.933,1.2,4.6,10.4,3.2,0,3.2,3.2,15.5,0.597,14,-1.7,
Kevon Looney,GSW,210,0.7,0.333,10.7,0.681,3.9,0.588,5.3,8.9,2.5,1.1,2.7,1.4,8,17.6,0.67,12.9,1.6,
Denzel Valentine,CHI,218,9.1,0.256,5.1,0.273,1.9,0.875,0.2,7.2,2.3,1.2,0.2,1.6,4.9,11.4,0.38,14.2,-1.1,
Anthony Bennett,BRK,222,8.7,0.268,7,0.576,6,0.714,4.3,9.6,2.1,0.9,0.2,2.3,3.4,19.4,0.527,18.5,-2.8,
Cristiano Felicio,CHI,225,0,,11.7,0.442,3.8,0.647,8.8,8.1,1.8,0.9,0.7,1.6,5.2,12.8,0.479,12.8,-0.4,
Jonathan Gibson,DAL,225,10.1,0.326,11.5,0.408,6.8,0.724,0.2,4.7,6.1,1.9,0,4.9,4.7,24.1,0.492,26.5,-2.2,
Jerian Grant,CHI,228,5.1,0.304,12,0.333,2.7,1,0.4,5.5,4.4,3.3,0.4,1.3,5.1,15.3,0.419,16.7,0.6,
Anthony Tolliver,SAC,229,8.2,0.216,3.7,0.706,2.9,0.923,3.1,6.6,2.9,0.9,1.1,1.8,5.1,13.2,0.502,13.1,-0.3,
C.J. Watson,ORL,229,4.2,0.421,5.5,0.16,3.5,0.813,0.4,4.2,4.4,2.2,0,1.3,2.9,10,0.441,11.2,-0.3,
DeAndre Liggins,CLE,231,1.7,0.625,6.7,0.355,3.9,0.667,1.7,5,4.1,2.2,1.3,3,5.6,10.6,0.522,11.6,2.2,
Alex Abrines,OKC,235,11,0.264,4.8,0.522,2.3,0.909,0.6,3.1,1.7,1,0.2,2.7,3.7,15.8,0.47,17.1,-2.9,
Willie Reed,MIA,235,0,,12.2,0.571,7.4,0.471,8,8,1.3,0.4,1.3,0.9,5.6,17.4,0.564,14.2,-0.9,
Juan Hernangomez,DEN,240,5.3,0.423,5.1,0.44,5.9,0.621,2.4,8.3,2,1.6,1.2,1.4,4.3,14.8,0.572,12.3,0.2,
Davis Bertans,SAS,247,9.1,0.364,2.7,0.538,1.9,0.778,1.4,4.8,2.5,0.6,2.3,1.4,4.6,14.3,0.566,12.6,0.5,
Mindaugas Kuzminskas,NYK,247,9,0.356,8.6,0.419,2.8,0.786,2.6,3.6,3.6,2,0.4,2.2,4,19.1,0.504,18.3,-2.1,
Dragan Bender,PHO,250,8.2,0.302,4,0.476,0.6,0,0.8,5.7,1.3,0.6,1.9,2.5,5.5,11.2,0.452,13.2,-0.4,
Bobby Portis,CHI,251,2.8,0.429,12.3,0.492,4,0.55,5.4,8.9,2.8,0.4,0.8,2.6,5.8,17.9,0.531,16.7,-0.9,
Montrezl Harrell,HOU,255,0.4,0.5,16.7,0.632,2.9,0.533,4.6,7.3,2.1,1.2,2.1,3.1,5.6,23.3,0.633,18.8,0.3,
Alexis Ajinca,NOP,256,0.6,0,14.5,0.5,2.3,0.75,3.6,11.1,1,1.3,2.3,3.1,6.1,16.2,0.504,17.3,0.9,
Jason Smith,WAS,263,0.4,0.5,14.6,0.468,0.8,1,3,7.4,1.3,1.5,1.5,3.8,9.5,14.9,0.489,16.8,-0.4,
Derrick Williams,MIA,265,6.4,0.152,13.1,0.515,7.3,0.605,2.3,6,1.2,1.2,0.8,1.3,3.5,20.8,0.459,20.9,-2.1,
Trey Burke,WAS,270,3.7,0.45,14.7,0.45,2.6,0.643,0.6,1.3,5.5,0.9,0.4,2.4,3.9,19.9,0.509,19.4,-4.5,
Wesley Johnson,LAC,271,7.4,0.3,5.1,0.5,0.9,1,2,10.7,1.7,1.7,2.2,1.7,7.2,12.7,0.491,13,2.2,
Jeremy Lamb,CHO,272,6.6,0.222,15.9,0.575,6,0.818,2.4,13.7,2.9,0.9,1.1,2.6,3.8,27.5,0.549,24.8,-0.4,
Noah Vonleh,POR,272,3.4,0.316,9.3,0.423,3.1,0.706,3.2,11,0.7,1.1,1.6,3.4,6.6,13.3,0.471,15.6,-1.9,
Randy Foye,BRK,280,8.9,0.321,4.9,0.379,1.9,0.818,0.2,6.6,5.6,1,0.5,3.9,3.9,13.8,0.472,16.6,-1.7,
Mike Dunleavy,CLE,285,8.4,0.313,4,0.435,3,0.765,0.4,5.6,2.8,0.9,0.4,1.2,3.5,13.7,0.497,13.2,-0.9,
Lance Thomas,NYK,286,4.9,0.429,9,0.346,1.6,0.889,0.9,4.9,0.9,1.6,0.5,1.7,3.6,13.9,0.476,14.1,-1.6,
Al-Farouq Aminu,POR,289,7.9,0.234,6.4,0.368,3.5,0.476,1.9,10.8,3.5,2.5,1.4,3,2.7,12,0.377,16.9,0.9,
Wade Baldwin,MEM,290,3,0.118,11.4,0.375,5,0.821,1.2,4.3,7.7,2.3,1.1,5.3,5,13.7,0.413,19.2,1.3,
Willie Cauley-Stein,SAC,292,0.2,0,15.7,0.56,4.7,0.481,3.6,5.2,1.4,1.9,1.4,2.4,9,19.9,0.554,17.9,-0.2,
J.J. Barea,DAL,298,8.3,0.383,13.4,0.434,4.9,0.964,0.7,4.8,8.7,1.1,0.2,3.2,1.4,26,0.543,24.4,-1.9,
Patrick McCaw,GSW,298,6.3,0.359,4.8,0.433,1,0.5,1.1,3.2,4,1.6,1.1,2.3,3.7,11.4,0.496,12.3,-0.1,
Luis Scola,BRK,298,4.4,0.321,11.3,0.549,4.3,0.63,5.4,9,3.6,1.4,0.6,3.8,6.5,19.3,0.55,19.1,-0.7,
Derrick Favors,UTA,303,0.3,0.5,18.5,0.472,7.7,0.636,2.8,11,1.2,2.1,3,2.8,5.2,22.8,0.514,22.6,1.9,
David West,GSW,304,0.5,0.667,13.4,0.518,3.8,0.667,3,8.8,8,2.5,2.5,5,6.8,17.4,0.558,18.4,3.5,
Tyler Zeller,BOS,304,0.2,0,15.6,0.463,3.6,0.591,4.6,8.2,4,0.8,2.5,1.6,5.4,16.6,0.478,17,1.5,
Dewayne Dedmon,SAS,311,0,,12.3,0.573,3.8,0.652,5.1,14.5,1.1,1.6,3.9,1.8,8,16.6,0.593,14.2,3.3,
Tomas Satoransky,WAS,312,2.7,0.118,8.4,0.491,2.7,0.647,1.3,3.8,7.7,1.6,0,2.7,5.1,11,0.445,13.3,-1.7,
Luke Babbitt,MIA,314,9.9,0.311,4.2,0.346,1.1,0.714,0.8,5.2,1.5,1.3,0.2,1.3,3.9,13,0.444,13.9,-1.2,
Salah Mejri,DAL,317,0.3,0,7.3,0.659,2,0.583,4.6,12,1.2,2.5,3.8,2.3,8.5,10.8,0.634,9.7,5.4,
Kyle Anderson,SAS,318,1.8,0.455,5.9,0.405,2.9,0.833,1.6,8.5,3.2,2.2,1.1,1.4,2.6,9.6,0.536,9.4,2.9,
Channing Frye,CLE,318,13.3,0.471,7.1,0.4,2.7,0.941,1.1,6.7,2,1.3,1.6,1.7,5.2,27,0.626,20.6,-1,
Willy Hernangomez,NYK,318,0.3,0.5,15,0.573,4.7,0.733,5.3,12.5,3.1,1.4,2,4.7,5.8,21.1,0.607,19.1,1.1,
Omri Casspi,SAC,323,4.1,0.385,11.4,0.507,2.3,0.6,2.2,7.7,3.4,1.1,0.2,2.5,3,17.7,0.535,16.7,-0.9,
Cole Aldrich,MIN,331,0,,8.2,0.556,2.4,0.688,5,10.1,2.3,2.4,2.4,1.1,7.3,10.8,0.582,9,2.8,
Lavoy Allen,IND,332,0.1,0,8.3,0.339,0.9,0.667,4.4,5.2,3.9,1,1.2,1,4.4,6.2,0.352,8.9,1.3,
Norman Powell,TOR,333,6.4,0.429,8.7,0.579,5.5,0.75,0.5,5.3,3.3,2.4,0.6,1.5,5.6,22.3,0.64,16.7,-0.7,
Joffrey Lauvergne,OKC,334,6.3,0.372,10.8,0.486,3.1,0.476,4.1,9.2,2.9,1.6,0.7,2,5.3,19,0.515,17.9,-0.3,
Josh McRoberts,MIA,334,4.4,0.414,12.1,0.342,1.1,0.714,3.2,7.3,7.3,1.4,0.6,3.1,4,14.5,0.428,17.4,0.8,
Jason Terry,MIL,336,6.8,0.348,2.8,0.316,0.7,0.8,0.3,3.1,3.9,0.9,0.7,1,3.6,9.5,0.476,9.8,-0.8,
Richaun Holmes,PHI,337,2.9,0.35,14.3,0.546,4.3,0.621,4.6,8.8,2.7,1.9,2.8,2.7,6.6,21.4,0.559,19.4,2.1,
Wayne Ellington,MIA,339,12,0.325,6.5,0.651,1.5,0.8,0.3,3,3.3,1.4,0.2,0.8,2.4,21.4,0.557,17.3,-1.9,
Rodney Stuckey,IND,339,3.8,0.308,13.1,0.478,8.3,0.737,0.4,6.2,5.1,1,0,3.9,3.6,22,0.539,21.9,-2.2,
Doug McDermott,CHI,344,5,0.324,11,0.533,3.1,0.905,0.7,5.1,2.4,0.6,0.1,1.8,2.8,19.4,0.558,16.4,-1.8,
Stanley Johnson,DET,346,4.7,0.281,8.2,0.455,3.9,0.654,1.5,6.2,3.3,1.9,1.2,1.9,5.2,13.9,0.477,14.6,2.2,
Roy Hibbert,CHO,349,0,,12.1,0.471,7.4,0.75,4.3,7.5,2.1,0.6,3.3,2.3,7,16.9,0.552,15.8,2.4,
Ben McLemore,SAC,349,6.2,0.326,11.1,0.468,3,0.714,0.7,3.6,2.2,1.3,0.4,2.5,3.8,18.7,0.499,18.6,-2.2,
Ian Clark,GSW,353,8.2,0.433,10.6,0.59,2.4,0.722,0.5,4.3,4.2,1.5,0.5,1.5,3.1,24.9,0.627,19,-2,
Anthony Morrow,OKC,353,8.7,0.333,8.6,0.532,1.7,0.75,1,1.5,1.8,1.2,0.3,0.7,2.5,19.1,0.53,16.4,-2.9,
Tarik Black,LAL,358,0.1,0,13.7,0.505,5.7,0.786,7.2,9.2,1.9,1.1,1.9,2.3,7.9,18.3,0.56,16.3,-0.3,
George Hill,UTA,360,8.4,0.456,13,0.584,6.3,0.884,0.6,5.1,6.7,1.8,0.3,2.2,3.8,32.2,0.667,23.9,-0.8,
Michael Beasley,MIL,362,2.1,0.467,18.7,0.529,5,0.694,2.6,8.8,2.6,1.4,1,3.9,5.2,26.1,0.569,23.8,-0.8,
Spencer Hawes,CHO,366,4.3,0.25,13.4,0.535,2.4,0.778,2.8,9.1,4.9,1.2,2,3.5,4.2,19.5,0.518,20.1,2,
Dante Cunningham,NOP,370,5.6,0.405,6.2,0.383,0.9,0.429,1.7,6.2,1.2,1.3,1.3,1.5,3.7,11.9,0.489,12.3,0.8,
Lucas Nogueira,TOR,370,0,,7.4,0.741,3.4,0.68,4.5,8.2,2.1,2.6,4.7,1.9,6.8,13.3,0.746,9.5,5.8,
Leandro Barbosa,PHO,371,4.9,0.421,15,0.496,1,0.75,0.6,4.5,3.6,1.3,0.3,1.2,3.3,21.8,0.536,19,-2.3,
Aaron Brooks,IND,374,7.4,0.321,10.4,0.443,2.2,0.882,1.1,2.6,7.2,2,0.5,4.1,5.7,18.3,0.488,20.5,-2.3,
Troy Daniels,MEM,375,13.3,0.361,8.4,0.377,3,0.818,1,2.5,2.3,0.7,0.3,1.7,4,23.3,0.504,21.6,-2.8,
Jaylen Brown,BOS,377,4.5,0.353,11.6,0.494,4.9,0.622,2.3,4.5,2.1,1.5,1.3,2.5,5.3,19.3,0.528,18.5,-0.6,
Shabazz Muhammad,MIN,378,3.5,0.231,13.1,0.469,6.8,0.745,3.1,4.8,1.3,0.5,0.3,1.9,2.5,19.8,0.505,18.6,-3.9,
Beno Udrih,DET,378,3.1,0.391,15.1,0.477,3.3,0.917,0.7,4.3,10.3,0.8,0,2.6,2.6,21,0.536,19.6,-1.6,
Semaj Christon,OKC,381,2.9,0.217,10.3,0.35,2.2,0.529,0.9,3.5,7.9,1.5,0.3,2.3,4.2,10.3,0.362,14.4,-1.5,
Mirza Teletovic,MIL,382,15,0.4,4.4,0.5,2.1,0.75,0.7,7.3,2.2,0.3,0.8,2,5,24,0.59,19.8,-2.8,
Nene Hilario,HOU,387,0.5,0.5,14.2,0.554,7.2,0.579,3.5,7,2.3,1.9,1.4,3.9,7.1,20.7,0.578,19.1,0.6,
Nemanja Bjelica,MIN,393,10.1,0.367,7.3,0.509,3.1,0.75,1.7,8.6,3.2,1.9,0.8,3.1,6.2,20.9,0.556,19,-1.2,
Kyle O'Quinn,NYK,393,0.6,0,15.2,0.592,3.7,0.655,6.9,10.5,4,1,3.8,3,7.3,20.3,0.584,17.7,2.7,
Andrew Bogut,DAL,400,0.1,0,7.9,0.483,1.4,0.273,5.4,16.4,4.6,1.3,1.8,3.7,7.5,8,0.463,11.1,5.1,
Corey Brewer,HOU,402,5.2,0.209,6.8,0.571,2.7,0.636,1.2,5.1,3.4,1.7,0.6,2,6,12.8,0.483,13.3,0,
Justise Winslow,MIA,405,3.8,0.233,14.6,0.379,4.2,0.606,1.8,4.8,5.3,2.5,0.5,2.6,4.7,16.3,0.402,19.9,1,
Boris Diaw,UTA,415,3.7,0.276,7.5,0.559,1.1,0.889,1.8,4.3,5.7,0.4,0,3.6,4.1,12.5,0.533,13.8,-0.5,
Troy Williams,MEM,417,5.1,0.244,10,0.506,3.1,0.6,0.7,4.7,2.4,3,1.1,3.3,5.2,15.7,0.477,17.3,2.4,
Zaza Pachulia,GSW,420,0,,9.2,0.494,3.7,0.75,5.6,9.8,6.3,2.3,1.4,3.9,5.7,11.9,0.547,13.2,3.4,
Jrue Holiday,NOP,421,7,0.317,14.4,0.484,4.8,0.659,1.2,4.9,9.8,1.9,0.8,4.1,4.6,23.7,0.505,24.9,-0.5,
Meyers Leonard,POR,421,10,0.326,6.5,0.446,1.4,1,1,9,2.4,0.3,1.2,2,7.4,16.9,0.496,17,-2.6,
James Ennis,MEM,425,5,0.341,6.9,0.509,4.9,0.8,2.9,6.6,2.3,1.6,0.2,1.8,6,16,0.571,13.9,1.2,
Jarell Martin,MEM,425,2.7,0.364,12.3,0.396,5.1,0.786,3.6,11.1,0.7,1.2,1,2.8,7.9,16.6,0.484,17.5,-0.1,
Al Jefferson,IND,429,0.1,0,23.7,0.464,4.2,0.676,4.1,10.2,2.8,0.8,1,1.5,6.2,24.9,0.484,24.5,-1.6,
D'Angelo Russell,LAL,434,11.9,0.387,12.6,0.407,5.8,0.769,1,5.3,8.5,2.4,0.6,5.7,4,28.5,0.527,28.6,-1.8,
Marreese Speights,LAC,434,9.8,0.329,12.9,0.518,7.5,0.846,4.6,11.7,2.2,1,1.4,2,9.3,29.3,0.565,24.8,-1.2,
T.J. Warren,PHO,435,2.8,0.308,19.5,0.483,4.8,0.818,3,3.4,1.4,2.7,0.5,1.4,4.2,25.4,0.519,22.8,-1.2,
Joel Embiid,PHI,436,5.9,0.442,21.2,0.478,12.6,0.748,4.1,11.2,3.8,1.4,5.1,7.4,6.7,37.6,0.575,35.7,3.2,
Kelly Olynyk,BOS,437,7.3,0.344,8.2,0.528,3.8,0.758,1.6,8.6,4,2.2,0.7,3,6.1,19.1,0.555,18,0.8,
Omer Asik,NOP,444,0,,6.8,0.5,4.1,0.568,4.7,12.1,1.5,0.6,1,1.3,4.4,9.1,0.53,9,1.1,
Raymond Felton,LAC,444,4.6,0.439,9.2,0.427,1.3,0.833,0.9,4,3.9,2,0.9,2,4.4,15,0.522,14.6,0.9,
Manu Ginobili,SAS,444,8.5,0.378,9,0.385,4.1,0.889,0.9,5.4,6.7,3.5,0.7,4,4,20.3,0.524,20.9,1.3,
Malcolm Delaney,ATL,447,3.9,0.194,12.2,0.446,4.6,0.881,0.4,4.6,8.7,1.1,0.1,4.4,4.8,17.2,0.475,19.9,-2,
Richard Jefferson,CLE,447,5.7,0.353,5.1,0.543,1.8,0.688,0.8,5.7,2.5,0.9,0.3,1.5,4,12.8,0.553,11.5,-0.2,
Kelly Oubre,WAS,448,5.9,0.302,7.8,0.543,3.8,0.765,1.8,7.7,1.6,2,0.1,1.4,5.4,16.7,0.544,14.8,-1.3,
Marcus Thornton,WAS,448,7,0.349,11.8,0.415,2.8,0.92,2.1,4.7,3.2,1.8,0.2,2,3.8,19.7,0.492,19.4,-2,
Justin Hamilton,BRK,449,7.7,0.342,5.4,0.549,1.7,0.688,2.3,6.7,1.9,1.5,1.1,1.7,3.6,14.9,0.542,13.9,-0.5,
Kris Dunn,MIN,450,2.5,0.273,9.5,0.412,3.7,0.636,1.2,5.3,7.5,3.1,0.8,3.7,6.4,12.2,0.448,15,0.6,
Marquese Chriss,PHO,461,5.4,0.308,11.9,0.47,4.6,0.644,2.7,6.9,1.3,1.4,1.4,3.4,8.2,19.1,0.495,20,-0.9,
Greg Monroe,MIL,463,0,,18.7,0.5,6.6,0.852,4.8,12.5,6,3.3,1.2,3.8,4.5,24.3,0.563,22.6,3.6,
Will Barton,DEN,465,5.7,0.37,12.6,0.442,6.4,0.721,1.9,5.8,3.7,1.5,0.8,3.1,3,22,0.523,20.8,-0.5,
John Henson,MIL,467,0.1,0,14.2,0.504,5.4,0.706,4.1,9.9,2.7,1.2,4.1,2.6,6.2,18.1,0.543,17.1,3.7,
Aron Baynes,DET,469,0,,11.3,0.437,4.7,0.884,3.7,10.3,1.1,1.1,1.2,3.1,6.8,14,0.525,14.5,1.5,
Danny Green,SAS,469,8.3,0.434,2.7,0.56,1.3,0.75,0.3,5.2,4.1,1.4,1.3,1.6,3.7,14.8,0.64,11.8,1.1,
Shaun Livingston,GSW,469,0.1,0,10.5,0.592,2.5,0.542,1.2,4.5,4.8,1.1,0.4,2,4,13.8,0.589,12.3,-0.3,
Ramon Sessions,CHO,470,3.8,0.306,11.6,0.409,7.7,0.712,0.6,3.8,8.8,1.8,0.3,2.7,3,18.5,0.491,19.3,-1.4,
David Lee,SAS,471,0,,13.7,0.563,4.9,0.733,4.6,10.6,4.4,1.2,1.1,2.6,4.8,19,0.6,16.5,1.9,
Jonas Jerebko,BOS,472,5.3,0.38,6.6,0.532,1.2,0.818,2.5,7.2,2.3,1.7,0.6,1.5,5,14,0.565,12.4,0.5,
Tony Parker,SAS,480,2.1,0.35,16.1,0.47,3.4,0.875,0.6,3.1,9.3,0.9,0.1,3.2,3.7,20.3,0.516,20.5,-2.4,
Hollis Thompson,PHI,481,6.7,0.369,7.8,0.461,2.1,0.65,1.5,6.1,2.2,1.3,0.6,0.9,4.6,16,0.517,14.6,-0.7,
Jerami Grant,OKC,483,3.3,0.394,8,0.506,5.4,0.528,0.9,5.4,1.1,1.5,2.2,1.3,5,14.9,0.543,13.1,1.1,
C.J. Miles,IND,483,11.5,0.425,7.9,0.5,3.2,0.935,0.7,5.9,1.7,1.7,1.2,1,3.9,25.6,0.613,19.6,-1.5,
Justin Anderson,DAL,485,7.9,0.288,11.8,0.44,6.6,0.77,3,7.7,2.2,1.8,1.2,3.1,4.9,22.4,0.493,23.2,-0.2,
Joakim Noah,NYK,487,0.1,0,9.7,0.474,3.7,0.306,6.9,11.1,6.1,1.5,1.9,2.8,6,10.3,0.452,12.3,3.1,
Isaiah Canaan,CHI,493,8.3,0.259,6.9,0.522,2.6,0.88,0.5,3.7,2.9,1.8,0.1,1.7,3.4,15.9,0.487,15.4,-1.1,
Zach Randolph,MEM,495,2.3,0.227,26.5,0.469,5.5,0.736,5.1,13.7,3.2,1,0.3,2.5,4.7,30.4,0.488,29.5,-0.1,
Jonathon Simmons,SAS,498,3,0.31,10.3,0.49,4.7,0.739,0.7,4.7,4.9,2.2,1,2.9,4.6,16.3,0.533,16.3,1.2,
Isaiah Whitehead,BRK,504,3.7,0.282,9.6,0.461,2.6,0.786,0.6,4.1,6.4,1.4,0.9,4.5,5.4,14,0.486,16.9,-1.2,
Pascal Siakam,TOR,506,0.4,0,12.4,0.548,1.8,0.778,3.7,6.4,1.2,1.5,2.2,1.9,6.4,15,0.552,13.6,1.2,
Joe Ingles,UTA,508,7.1,0.5,4.9,0.553,2.4,0.739,0.2,6.1,5,2.1,0.2,2.3,5.2,17.8,0.683,13.8,0.7,
Dion Waiters,MIA,509,6.1,0.344,16.8,0.399,4.6,0.652,0.7,4.8,6.3,1.5,1,3.5,4.1,22.8,0.455,24.8,-0.5,
Justin Holiday,NYK,513,6.8,0.371,8.4,0.46,2.9,0.833,1.2,6.7,2.9,2.4,1,1.9,4.5,17.7,0.538,16,0.1,
Enes Kanter,OKC,515,2,0.143,21,0.586,8.8,0.796,5.3,9.3,1.8,1.1,2.2,3.4,5.2,32.5,0.604,26.5,-1,
Josh Richardson,MIA,515,9,0.319,9.3,0.468,1.8,0.722,1,4.6,3.5,1.4,0.8,2.2,4.4,18.6,0.487,18.5,-0.4,
Rondae Hollis-Jefferson,BRK,516,2.5,0.222,9.7,0.406,6.3,0.754,1.6,8.6,4.7,2,1.2,2.8,5,14.3,0.477,15.9,1.3,
Patrick Beverley,HOU,518,6.2,0.394,5.6,0.458,1.1,0.667,3,6.5,7.7,2.3,0.8,2.5,5.3,13.3,0.537,13,1.9,
Terry Rozier,BOS,518,6.3,0.323,10,0.427,3.1,0.719,1.4,7.7,4.9,1.6,0.6,1.5,2.8,16.8,0.478,17.1,0.1,
Terrence Ross,TOR,520,10.3,0.434,10.4,0.542,3.2,0.909,0.6,4.4,1.5,2.3,0.8,1,3.6,27.6,0.624,20.4,-1.9,
Jerami Grant,TOT,524,3.3,0.371,8.8,0.489,5.7,0.525,0.8,5.6,1,1.4,2.4,1.5,5,15.2,0.523,14.1,0.8,
Amir Johnson,BOS,524,1.9,0.4,9.9,0.577,3,0.742,3.9,6.5,4.5,1.4,1.5,2.2,6.3,16,0.607,13.7,1.6,
Sam Dekker,HOU,526,6.1,0.369,8.6,0.598,2,0.619,3,7.1,3.2,1.5,0.7,1.9,3.1,18.2,0.587,15.2,0,
T.J. McConnell,PHI,527,1.3,0.143,8.8,0.473,1.6,0.706,1.1,5.3,12.2,3.4,0.3,4,4.3,10,0.463,13.1,0.5,
Glenn Robinson,IND,527,4.5,0.354,8.5,0.473,2.9,0.774,1.8,6.4,1.6,1.1,0.9,1.1,2.6,15,0.527,13.8,-0.6,
Tyson Chandler,PHO,528,0,,7.9,0.693,3.1,0.706,5.5,14.7,0.9,1.4,0.8,2.7,5.3,13.2,0.709,10.6,0.6,
Jahlil Okafor,PHI,529,0,,20.3,0.509,6.3,0.612,3.6,7.2,2.3,0.8,2.5,3.1,5.3,24.5,0.532,23.3,0.3,
Ed Davis,POR,530,0,,8.4,0.473,4.3,0.681,5.9,8.5,1.6,1,1.8,2.3,8.1,10.9,0.528,11.2,0.1,
Malcolm Brogdon,MIL,533,5.2,0.429,10.7,0.4,2.7,0.897,1,4,6.7,2.1,0.2,3.1,3.6,17.8,0.517,18,-1,
Nikola Mirotic,CHI,538,10.3,0.284,6.8,0.528,5,0.736,1.3,11.6,2.2,1.7,1.6,2.7,3.1,19.6,0.509,18.8,0.6,
Arron Afflalo,SAC,539,4.2,0.311,9.6,0.447,3.4,0.917,0.5,4.3,2.2,0.7,0.1,0.5,3.2,15.6,0.51,13.9,-1.9,
Iman Shumpert,CLE,541,6.5,0.429,4.8,0.538,2.6,0.857,1.2,5.1,4,1.9,0.6,3.4,4.9,15.7,0.633,14,0.8,
Jusuf Nurkic,DEN,544,0,,18.7,0.524,6.1,0.5,6.1,10.7,3.3,1.5,2.3,5.6,5.2,22.6,0.53,23.1,1.7,
Buddy Hield,NOP,545,10.9,0.336,11.1,0.435,1.3,0.867,0.8,5.7,3.1,0.6,0.4,2.2,3.2,21.9,0.483,22.6,-2.7,
Kosta Koufos,SAC,545,0.1,0,12.7,0.547,2.1,0.478,5.4,9.9,1.4,1.2,1.6,2.5,5.7,14.9,0.543,14.3,0.8,
Vince Carter,MEM,549,9.3,0.283,6.5,0.522,3.6,0.737,1.2,6.8,3.9,1.6,0.7,1.6,4.9,17.3,0.498,16.6,1.1,
Al Horford,BOS,554,6.1,0.338,13.4,0.541,4,0.841,1.8,8,8.3,1.1,3.5,2.3,3.2,24,0.565,21.1,2.9,
Dante Exum,UTA,556,6.5,0.279,8.9,0.489,2.8,0.833,1.4,4.2,4.5,0.6,0.8,2.7,6.5,16.5,0.497,17.4,-0.6,
Nikola Jokic,DEN,564,2.2,0.269,13.9,0.602,5.2,0.817,4.9,10,6.4,1.3,1.3,2.9,6.6,22.8,0.619,18.3,1.7,
Dwight Powell,DAL,566,0.8,0.111,13.8,0.527,4.7,0.784,3.5,8.1,2.3,3.1,1.2,1.2,4.9,18.5,0.555,16.1,2.8,
Cory Joseph,TOR,567,3.2,0.361,14.3,0.481,4.2,0.787,1.4,4.8,6.3,1.8,0.3,2.2,3.8,20.5,0.531,19,-1,
Dorian Finney-Smith,DAL,568,6.8,0.356,4.6,0.52,2.1,0.783,1.6,4.9,2.5,1.3,0.8,1.6,4.3,13.7,0.556,12.5,0.7,
DeMarre Carroll,TOR,570,9.2,0.356,6.4,0.542,3.6,0.7,1.3,5.2,2,2,0.8,0.8,4.1,19.3,0.56,15.8,-0.5,
Alex Len,PHO,571,0.2,0,13.5,0.488,7.5,0.722,4.8,11.3,1.6,1,3.3,2.9,7.8,18.6,0.548,17.6,1.8,
Deron Williams,DAL,577,8.2,0.3,11.9,0.454,4.6,0.94,0.3,3.6,11.4,0.9,0.2,3.5,4.1,22.4,0.508,23,-3.1,
Domantas Sabonis,OKC,578,5.2,0.435,8.4,0.45,0.5,0.5,0.9,6.9,3,1.4,1,2.6,6.1,14.7,0.528,14.5,0.5,
Jae Crowder,BOS,581,8.8,0.402,7.4,0.57,3.2,0.865,0.9,7.3,4,1.9,0.6,2,4.1,21.8,0.619,17.5,0.3,
Darren Collison,SAC,583,4.7,0.389,11.8,0.478,5.5,0.825,0.7,2.7,7.5,1.9,0.1,3.3,2.7,21.2,0.563,19.5,-2.2,
Mike Muscala,ATL,583,3.8,0.435,10,0.575,3,0.75,2.8,6.1,3.8,1.1,1.7,2.5,3.8,18.8,0.619,15.7,1.1,
James Johnson,MIA,584,6.1,0.329,10.2,0.59,4.5,0.745,1.9,7.7,4.4,1.3,1.9,3.7,5.1,21.4,0.585,19.1,1.5,
Nick Young,LAL,585,12.7,0.405,7.4,0.562,3.5,0.905,1,3.7,2.2,0.7,0.7,1.2,5.1,26.9,0.622,19.9,-3.6,
Jamal Murray,DEN,588,9.6,0.362,10,0.4,3.4,0.829,1.5,5.1,4.5,1,0.7,3.3,3.8,21.2,0.504,20.9,-1.7,
Luc Mbah a Moute,LAC,590,3.5,0.415,6.2,0.534,3.6,0.651,1.8,3.3,0.7,2.8,1.1,1.6,3,13.3,0.591,11.4,2.2,
J.R. Smith,CLE,590,11.3,0.358,3.7,0.273,0.8,0.778,0.7,3,2.2,2.2,0.8,1.3,3.8,14.8,0.481,14.7,0.4,
Kenneth Faried,DEN,592,0.2,0,14.2,0.547,7.7,0.699,7.3,10.4,1.8,1.9,2.2,2.6,4.8,20.9,0.586,17.5,1.4,
D.J. Augustin,ORL,593,10.1,0.364,8.5,0.444,4.4,0.846,0.3,3.3,7.3,1.3,0,2.8,3.8,22.3,0.544,20.6,-3.3,
Tony Allen,MEM,599,1.2,0.214,15.9,0.486,4.4,0.667,4.5,5.8,1.8,3.4,1,2.8,5,19.2,0.504,19.1,3,
Mike Conley,MEM,604,8.7,0.422,13.2,0.419,8.6,0.881,0.6,4.8,9.1,2.3,0.9,3.6,2.6,29.7,0.577,25.7,0.5,
Marvin Williams,CHO,605,9.5,0.353,8,0.398,2.5,0.767,1.9,8.4,2.3,0.8,0.6,1.2,2.8,18.4,0.493,17.8,-0.5,
Trey Lyles,UTA,607,9,0.298,11.4,0.496,2.7,0.806,2.3,8.1,3.3,1,1,2.9,3.9,21.6,0.499,22.2,0,
Larry Nance Jr.,LAL,607,0.9,0.091,10.6,0.617,2,0.72,3.3,8.7,2.8,2.5,1.4,1.6,5,14.8,0.597,12.2,2,
Thabo Sefolosha,ATL,614,3.3,0.286,9.1,0.548,2.2,0.714,1.8,7.1,3.6,3.7,0.9,2.1,2.5,14.4,0.537,13.8,3.4,
Timofey Mozgov,LAL,616,0.1,0,14.6,0.535,3.7,0.787,5.1,6.2,2,0.6,1.1,3.2,5.8,18.5,0.569,17,-1.2,
Tim Hardaway,ATL,618,10.5,0.308,10.9,0.561,5,0.651,0.6,3.4,3.8,1,0.5,2,2.3,25.2,0.534,22.7,-2.7,
Seth Curry,DAL,622,8,0.347,10,0.492,1.7,0.7,0.7,4.1,5.7,2.1,0.3,2.5,3.5,19.4,0.516,19.1,-0.5,
Patty Mills,SAS,623,10.6,0.426,7.9,0.542,3,0.946,0.8,3.5,8.1,1.8,0,3,3.1,24.9,0.63,20.4,-2,
Matt Barnes,SAC,624,8,0.293,6.1,0.453,2.5,0.71,1.9,7.7,5.1,1.6,0.8,3.2,4.9,14.3,0.472,16.2,0.8,
Jared Dudley,PHO,628,7,0.457,5.2,0.536,2.6,0.618,1.2,6.4,3.6,1.5,0.5,2.7,5.5,16.8,0.628,14.2,0,
Langston Galloway,NOP,628,11.7,0.367,9.5,0.41,2.1,0.741,1.1,4.3,3.4,2.3,0.1,1.6,3.1,22.2,0.502,21.5,-1.5,
Shelvin Mack,UTA,634,5.4,0.338,11.4,0.504,3,0.694,0.8,4.5,7.6,2.2,0,4.5,4.2,19.1,0.526,20.5,-0.1,
Joe Harris,BRK,635,9.2,0.379,6.3,0.541,2.8,0.757,0.4,5.6,2.4,1.6,0.1,2.5,5.2,19.4,0.579,17.2,-1.9,
Gerald Henderson,PHI,637,4.3,0.382,11.5,0.493,3.2,0.805,1,4.4,3.3,1.6,0.3,1.9,4,18.9,0.547,17,-0.8,
Garrett Temple,SAC,637,6.7,0.405,5.5,0.464,2.1,0.885,1.1,4.4,4.4,2.3,1.1,2.1,3.6,15,0.575,13.4,0.9,
Austin Rivers,LAC,639,6.4,0.415,9.4,0.479,3.5,0.644,0.4,3.4,4.3,1.4,0.3,1.9,4.8,19.3,0.554,17.2,-0.8,
Brandon Jennings,NYK,644,6.8,0.307,8.4,0.431,4.5,0.814,0.8,4.9,10.9,2,0,4.2,2.9,17.2,0.5,18.5,-2.1,
E'Twaun Moore,NOP,645,5.4,0.338,12.5,0.479,2,0.741,0.8,3.3,5.5,1.4,0.6,2.3,3.6,19,0.504,19.1,-1.2,
Cody Zeller,CHO,647,0,,13.7,0.587,7,0.648,3.8,8.2,2.3,1.1,2.2,2.1,6.4,20.6,0.614,17,2.2,
Dario Saric,PHI,648,7.3,0.368,11.3,0.395,3.3,0.767,2.2,9.8,3.4,0.8,0.5,4.1,4,19.5,0.487,21.4,-0.7,
Brandon Knight,PHO,649,6.3,0.326,16.5,0.391,7,0.844,1.2,4.1,5.6,1.2,0,3.8,3.2,25,0.483,26.2,-2.9,
Ricky Rubio,MIN,655,3.7,0.25,5.6,0.438,4.2,0.818,2.1,4.5,10.7,2.4,0.2,3.1,4.2,11.2,0.499,12.4,-0.6,
Frank Kaminsky,CHO,658,8.3,0.291,11.5,0.441,3.7,0.673,1.7,7.5,5.1,1.1,0.8,2.1,2.5,19.8,0.464,21.1,0.1,
Ersan Ilyasova,PHI,659,9.6,0.367,11.1,0.537,4.3,0.807,1.9,9.8,3,0.8,0.4,2.3,4.1,26,0.575,22.2,-1.4,
Kent Bazemore,ATL,661,7.1,0.289,12.7,0.41,3.7,0.76,1.3,4.9,4.6,2.6,1.1,3.2,4,19.4,0.452,21.9,0.8,
Andre Iguodala,GSW,665,4.7,0.308,5.3,0.589,1.7,0.565,1.1,5.8,6.6,1.6,0.7,1.2,2.7,11.5,0.537,10.6,0.8,
Jeff Green,ORL,672,6.9,0.297,10.7,0.444,4.7,0.839,1.1,5.7,3,0.8,0.5,2.6,2.9,19.5,0.498,19.6,-1.5,
Joe Johnson,UTA,675,6.9,0.386,9.8,0.468,2.4,0.806,0.9,6.4,4.2,1,0.3,1.8,2.6,19.1,0.538,17.7,-0.1,
Ty Lawson,SAC,677,3.8,0.314,9.7,0.415,3.1,0.762,1.6,4,8.9,2.5,0.2,3.6,3.1,14,0.471,16.3,-0.3,
Nik Stauskas,PHI,679,7.9,0.389,5.5,0.547,4,0.759,0.4,4.2,3.7,0.8,0.8,3,3.1,18.2,0.602,16.1,-1.1,
Rajon Rondo,CHI,681,2.8,0.316,11.6,0.41,1.8,0.542,1.6,8.8,11.2,2.2,0.4,4.5,4,13.1,0.433,16.8,1.8,
Terrence Jones,NOP,684,3.5,0.224,13.8,0.534,6,0.607,2.1,9.8,2.1,1.6,2.1,2.1,2.7,20.7,0.52,19.9,1.5,
Pau Gasol,SAS,685,2.5,0.455,16.9,0.509,4.3,0.596,2.8,12.5,5.4,0.8,2.2,2.4,3,23,0.544,21.1,2.7,
Clint Capela,HOU,686,0,,16.9,0.64,4.6,0.446,4.7,11.3,1.9,0.8,3.1,2.6,5.4,23.7,0.625,18.9,1.6,
Robert Covington,PHI,691,10.4,0.299,6.2,0.442,3.1,0.791,2.4,7.1,2.1,2.9,1.2,3.1,4.7,17.2,0.48,18.7,1.3,
Brook Lopez,BRK,691,8.7,0.346,16.4,0.513,8.9,0.831,3.1,5.7,4.2,1,3,3.5,3.8,33.2,0.573,29.1,-0.3,
Rodney McGruder,MIA,691,5.4,0.315,5.8,0.456,2.1,0.724,3.2,4.2,2.7,1.4,0.6,1.6,4.1,12,0.492,11.9,0.8,
Kyle Korver,ATL,693,8.3,0.412,4.4,0.524,1.3,0.895,0.1,4.2,3.6,1.4,0.5,2.4,2.9,16.1,0.604,14,-0.3,
Jonas Valanciunas,TOR,695,0,,17,0.541,5.2,0.831,5.9,11.6,1.5,0.9,1.3,2.9,4.9,22.6,0.588,19.5,-0.5,
Matthew Dellavedova,MIL,705,5.3,0.36,8.5,0.413,1.7,0.833,0.7,3.7,10.1,1.4,0,3.4,3.5,14.2,0.487,16,-2,
Tony Snell,MIL,705,8.8,0.296,4.4,0.613,1.3,0.778,0.8,6.2,2,0.6,0.1,1.1,2.9,14.2,0.516,13.2,-1.2,
P.J. Tucker,PHO,705,4.3,0.286,6.1,0.433,2.9,0.721,2.7,7.1,2,2,0.5,1.6,4.2,11,0.474,11.6,1,
Jameer Nelson,DEN,706,6.2,0.367,9.6,0.482,1.5,0.727,0.8,4.1,8.1,1.2,0.1,3.7,5.7,17.2,0.522,17.3,-2,
Sergio Rodriguez,PHI,706,7.5,0.355,9.2,0.412,0.6,0.875,0.8,4.8,11.8,1.8,0.3,4.6,2.8,16.1,0.474,19.3,-1.6,
Jamal Crawford,LAC,710,7.8,0.333,12.6,0.461,4.7,0.881,0.3,2.7,4.2,1.2,0.2,2.6,2.3,23.6,0.524,22.4,-2.1,
Trevor Booker,BRK,713,1.7,0.231,11.7,0.559,3.4,0.667,3.6,11.3,4,3,0.8,3.1,3.8,16.6,0.554,16.2,2.6,
Derrick Rose,NYK,713,2.4,0.235,20.7,0.481,5.6,0.838,1.9,4.4,7.1,1.1,0.7,3.9,2.5,26.2,0.515,25.5,-1.8,
Nikola Vucevic,ORL,714,1.6,0.273,21.8,0.448,3.3,0.617,4.9,15.1,4.6,1.4,1.6,2.3,3.8,22.9,0.461,24.1,2.2,
Marco Belinelli,CHO,716,7.7,0.45,9.3,0.47,3.3,0.875,0.4,4.8,3.5,1.2,0.3,1.5,2.8,22,0.597,17.9,-0.9,
Ersan Ilyasova,TOT,721,9.6,0.357,10.4,0.543,3.9,0.807,1.9,9.9,2.8,1,0.4,2.4,4.1,24.8,0.569,21.5,-1.3,
Bojan Bogdanovic,BRK,722,8.5,0.346,11,0.53,6.3,0.844,0.9,4.9,2.5,0.7,0.1,2.4,3.1,25.8,0.579,22,-3.5,
Sean Kilpatrick,BRK,722,7.7,0.356,12.4,0.481,8.2,0.833,0.8,6.9,4.5,1.2,0.2,4.4,3.5,27,0.57,25.2,-2.3,
Evan Turner,POR,723,3.4,0.294,13.2,0.456,3.4,0.863,1.1,6.8,5.9,1.6,0.5,2.4,3.4,18,0.497,18.4,-1.1,
Tristan Thompson,CLE,727,0.1,0,7.8,0.593,4.5,0.462,5.7,11.5,1.4,0.8,2.1,1,3.8,11.3,0.575,9.6,2.5,
J.J. Redick,LAC,731,10.3,0.424,10.4,0.493,4.9,0.903,0.1,3.2,1.6,1.2,0.3,2.7,2.6,27.7,0.608,22.7,-2.3,
Taj Gibson,CHI,732,0.1,0,17.7,0.543,3.8,0.673,4,9.3,2.6,1,1.9,2.9,4.5,21.8,0.56,19.1,1.2,
Marcus Smart,BOS,732,7.2,0.274,8.5,0.448,3.6,0.654,1.6,5.4,7,1.9,0.5,3.2,3.6,15.9,0.459,18.3,0.3,
Rodney Hood,UTA,733,10.4,0.361,12.7,0.494,4.5,0.79,0.5,6.5,3.5,1.3,0.4,2.1,4.1,27.3,0.546,24.5,-1,
Bismack Biyombo,ORL,736,0,,8.5,0.488,7.2,0.49,4.6,11.4,2.4,0.6,2.8,2.8,5,11.8,0.507,12.7,3,
Wilson Chandler,DEN,740,7.5,0.354,16.1,0.488,4.4,0.746,2.5,8.7,2.8,1.3,0.3,2.4,3.7,26.9,0.528,23.9,-1.6,
Robin Lopez,CHI,740,0.1,0,16.6,0.469,2.3,0.667,6.8,6.8,1.4,0.2,3.4,1.6,3.1,17.1,0.484,16.5,1.2,
Paul George,IND,743,8.7,0.394,15.3,0.481,5.8,0.92,1.4,8.3,4.4,2.6,0.5,4,3.8,30.3,0.571,27.5,0,
Gordon Hayward,UTA,746,7.6,0.364,16.5,0.479,10.5,0.872,0.8,8.6,5.7,1.6,0.6,3.3,2.7,33.3,0.579,29,0.4,
Solomon Hill,NOP,747,4.4,0.328,4.5,0.412,2.9,0.818,0.8,5.9,3.5,1.6,0.8,1.8,4.4,10.3,0.512,10.8,1.6,
Jon Leuer,DET,750,5,0.301,11.3,0.594,3.2,0.872,2.7,9.5,3.2,0.9,0.8,1.7,3.6,20.7,0.586,17.1,1.5,
Monta Ellis,IND,753,3.3,0.3,10,0.477,3.3,0.84,0.2,5,5.8,1.8,0.8,3.7,3.7,15.2,0.518,16.5,0.3,
Dwyane Wade,CHI,753,5,0.333,21,0.47,8.4,0.8,1.9,4.9,5.8,2.4,1.1,3.7,3.3,31.5,0.529,28.6,0,
Lou Williams,LAL,753,10.3,0.371,15,0.496,11.9,0.865,0.5,4.2,6.4,2.7,0.3,4.4,2.1,36.6,0.6,30.4,-2.7,
Aaron Gordon,ORL,755,6,0.311,12.9,0.477,3.8,0.579,2.2,6.2,3.4,1.5,1,2,3.9,20.2,0.489,20.1,-0.1,
Andrew Harrison,MEM,757,5.6,0.232,7.6,0.324,6.1,0.764,0.7,3.7,6.7,2.3,1.1,3.3,6.7,13.4,0.424,16.7,1.6,
Dwight Howard,ATL,758,0,,14.8,0.632,9.4,0.524,7.8,14,2,1.6,2.4,4.2,5.3,23.7,0.624,20.5,2.3,
Courtney Lee,NYK,761,5.1,0.474,9,0.442,1.4,0.864,0.9,3.8,3.1,1.4,0.4,1.2,3.5,16.4,0.558,13.8,-1.1,
Isaiah Thomas,BOS,762,9.9,0.34,18.5,0.48,12.7,0.887,0.9,3.1,9.1,1.3,0.2,3.4,3.4,39.1,0.576,33.2,-3.4,
LaMarcus Aldridge,SAS,765,1.5,0.455,20.4,0.471,6.4,0.833,3.1,7.7,2.9,1.2,1.7,2.7,3.7,26.6,0.537,24.6,0.7,
Michael Kidd-Gilchrist,CHO,769,0.4,0.167,12.4,0.453,5.5,0.744,3,8.4,2,1.4,1.6,1.5,3.5,15.5,0.511,15,2.2,
Rudy Gay,SAC,771,5.4,0.349,16.6,0.49,7.1,0.844,1.3,8,4.5,2.4,1,3.3,3.8,28,0.556,25.1,0.8,
Emmanuel Mudiay,DEN,771,6,0.305,14.3,0.398,6,0.779,0.9,5.8,6.2,1.3,0.5,4.8,3.2,21.6,0.47,23.8,-1,
Kevin Love,CLE,772,9.9,0.412,13.7,0.509,9.7,0.86,3.9,12.7,2.7,1.7,0.7,3.2,2.9,34.5,0.619,27.4,-0.5,
Julius Randle,LAL,773,1.1,0.176,16.6,0.523,6.1,0.68,3.3,11.5,5.7,1.3,0.6,4.9,5.7,22.1,0.542,22,0.7,
Patrick Patterson,TOR,774,7.9,0.364,4.2,0.391,2,0.71,2.1,8.1,3.1,1.7,0.6,1.1,4.3,13.3,0.513,12.4,0.8,
Luol Deng,LAL,779,5.5,0.33,9.4,0.417,2.2,0.657,2.2,7.9,2.7,2.1,0.3,1.4,2.1,14.7,0.464,15.1,-0.2,
Goran Dragic,MIA,779,5.4,0.41,17.6,0.472,6.7,0.806,1.3,4.8,10.2,1.6,0.3,4.8,4.3,28.8,0.552,26.8,-0.8,
Kyrie Irving,CLE,787,8.5,0.425,18.5,0.507,5.8,0.87,1.1,3.5,7.3,1,0.3,3.6,2.8,34.7,0.586,29.3,-2.5,
Myles Turner,IND,788,2.6,0.366,15.1,0.566,6.9,0.802,2.7,9.4,1.7,1.4,3.9,2.4,5.3,25.5,0.615,20.8,2.4,
Paul Millsap,ATL,790,4.7,0.329,15.5,0.504,6.5,0.752,2.2,9.7,5.5,2.5,1.4,3.3,3.9,25.1,0.545,23.4,2.7,
Markieff Morris,WAS,790,3.3,0.327,14.7,0.444,5.7,0.8,2.1,6.9,3,2,1,3.1,4.8,20.8,0.508,20.8,0.1,
Ish Smith,DET,792,2.4,0.243,15.6,0.444,2.7,0.756,0.6,4.9,11,1.5,0.6,2.6,3.2,17.6,0.459,19.2,0.4,
Allen Crabbe,POR,797,6.4,0.41,7,0.461,3.2,0.868,0.7,4.8,2.2,0.9,0.4,1.5,3.9,17.2,0.577,14.6,-2.4,
Mason Plumlee,POR,798,0.1,0,14.3,0.545,5.9,0.51,3.4,9.1,7.7,1.6,2,2.9,4.9,18.5,0.546,17.8,1.8,
Tyler Johnson,MIA,802,5.6,0.352,12.5,0.437,5.6,0.75,1.1,6.5,5.2,1.9,1.1,2,3.5,21.1,0.511,19.7,1,
Bradley Beal,WAS,807,9.9,0.416,14.4,0.494,7.1,0.809,0.9,3.2,4.9,1.4,0.4,2.3,3.1,32.3,0.589,26.3,-3.2,
Steven Adams,OKC,808,0.1,0,13.1,0.588,5.4,0.742,4.7,7.6,1.2,2.1,1.4,3.3,3.8,19.3,0.625,16.4,1.2,
Brandon Ingram,LAL,812,4.1,0.275,10,0.377,4.1,0.71,1.1,6.1,3.6,0.9,0.8,2.6,3.1,13.9,0.436,16.1,-0.8,
Jabari Parker,MIL,812,4.8,0.367,19.3,0.51,6.6,0.738,2.5,6.1,3.3,1.8,0.3,2.2,2.7,29.8,0.552,26,-1.3,
Dennis Schroder,ATL,816,5.9,0.374,16.7,0.486,4.9,0.793,0.8,4.1,10.1,1.3,0.4,5.1,2.6,26.7,0.54,26.5,-1.8,
Gorgui Dieng,MIN,822,0.8,0.308,12.3,0.535,3.6,0.724,4,8.6,3.6,1.4,2,2.9,5.4,16.4,0.562,15.2,1.8,
Victor Oladipo,OKC,822,8,0.381,11.9,0.505,3,0.62,0.7,5.7,3.9,1.3,0.4,2.5,2.6,22.9,0.542,20.7,-0.9,
Elfrid Payton,ORL,826,3.9,0.238,14.2,0.504,4,0.591,1.3,5.3,10,2.1,1.1,3.4,3.5,19.5,0.491,20.6,0.4,
Danilo Gallinari,DEN,830,6.9,0.368,9.2,0.439,8.7,0.872,0.8,5.6,3,0.9,0.4,2.1,2.2,23.3,0.584,18.9,-1.4,
Andre Drummond,DET,838,0.1,1,19.8,0.533,6.9,0.451,6.6,16.9,2,2.7,1.8,3.4,4.7,24.4,0.532,23.2,3.4,
LeBron James,CLE,847,6.2,0.352,18,0.574,9.8,0.687,1.6,8.7,12.3,1.9,0.7,5.4,2.4,33.9,0.595,29.9,1.8,
Andre Roberson,OKC,847,4.3,0.297,5.5,0.579,2.1,0.306,1.4,5.6,1.7,2,1.6,1,4.1,10.8,0.506,10.2,2.4,
Thaddeus Young,IND,853,3.3,0.448,11.5,0.56,1.9,0.545,2.4,7.4,2.2,1.8,0.9,2.5,2.5,18.4,0.587,16.4,0.7,
Tim Frazier,NOP,856,4,0.386,10.3,0.448,4.3,0.827,1,4.7,11.9,1.8,0.3,3.9,4.4,17.4,0.537,18.2,-1,
Jordan Clarkson,LAL,857,6.3,0.315,16.1,0.482,3.8,0.836,1.4,3.6,3.7,2.3,0.1,3.5,3.1,24.7,0.512,24,-2.1,
Ryan Anderson,HOU,858,10.6,0.4,7.2,0.429,3.1,0.873,2.9,6,1.6,0.7,0.2,1.5,2.8,21.6,0.564,18.1,-2.2,
Eric Gordon,HOU,860,13.5,0.441,8.2,0.448,3.6,0.81,0.6,3.6,4.4,1.1,0.8,3,3.3,28,0.604,22.9,-2.3,
Devin Booker,PHO,862,7.3,0.326,16.9,0.448,6,0.806,0.7,3.1,4.2,1.3,0.4,3.9,4.4,27.1,0.505,27.1,-2.7,
JaMychal Green,MEM,865,3.1,0.288,9.7,0.494,4.1,0.797,3.9,9.8,2.1,1.4,1.1,2.3,6.4,15.5,0.532,14.8,2.6,
Giannis Antetokounmpo,MIL,867,3.6,0.274,19.5,0.569,9.5,0.765,2.6,10.4,8.6,3,2.8,4.7,5.4,32.4,0.595,28.4,5,
John Wall,WAS,868,5,0.364,20.9,0.478,9.2,0.807,1.3,4.8,13.3,3.2,0.8,6.1,3.2,32.9,0.549,31.9,0.3,
Maurice Harkless,POR,870,6,0.364,10.2,0.564,2.1,0.816,2.9,5.1,1.3,1.9,1.1,2,4.4,19.8,0.578,17.1,-1.1,
Eric Bledsoe,PHO,872,6.6,0.298,16.1,0.503,8.5,0.832,1.4,6.7,7.9,2.3,0.5,4.5,4.1,29.1,0.552,27.2,0.1,
Blake Griffin,LAC,875,1.3,0.227,23.2,0.494,10.2,0.749,3,10.1,7,1.5,0.7,3.6,3.9,31.4,0.543,29,2,
Serge Ibaka,ORL,876,5.6,0.402,14.7,0.516,3.4,0.828,2.7,8.3,1.6,0.9,3,1.8,4,24.7,0.567,20.9,0.7,
Draymond Green,GSW,886,5.1,0.34,7.8,0.476,4,0.662,2.7,10.1,10.7,3.2,2,2.9,4.3,15.3,0.521,15.7,4.8,
Jeff Teague,IND,887,4.7,0.306,13.3,0.467,8,0.828,0.7,5.5,10.9,2.9,0.8,4,3.8,23.4,0.543,23,0.4,
Carmelo Anthony,NYK,889,8.3,0.336,18.6,0.471,7.5,0.866,1.2,7.5,4.1,1.5,0.6,2.8,4.2,32.4,0.536,28.6,-2,
DeAndre Jordan,LAC,890,0.1,0,10.6,0.661,8.1,0.542,5.5,14.9,1.1,1,2.8,2.4,4.3,18.4,0.647,14.7,2.6,
Chris Paul,LAC,895,8,0.396,11.7,0.502,7.1,0.874,1.1,6.8,14.9,3.6,0.3,3.6,4,27.5,0.601,23.6,1.7,
Otto Porter,WAS,897,5,0.407,9.8,0.602,1.9,0.765,2.6,7.7,2.2,2.6,0.7,1.2,4,19.4,0.619,14.9,0.9,
Kemba Walker,CHO,897,9.6,0.414,16.2,0.491,7.1,0.791,0.7,5,8,2.1,0.4,3.2,2.2,33.5,0.579,28.9,-0.7,
DeMarcus Cousins,SAC,898,6.7,0.358,24.8,0.476,13.8,0.756,3.3,12.3,4.9,1.7,2.1,4.2,5.5,41.3,0.549,36.8,1.5,
Kawhi Leonard,SAS,898,7.3,0.388,18.9,0.505,10.1,0.921,1.8,7.2,4.6,3,0.8,2.7,2.2,36.9,0.601,29.9,0.8,
Marc Gasol,MEM,911,5.6,0.414,19,0.454,6.6,0.819,1.4,8.3,6.2,1.4,2.3,3.1,3.3,29.6,0.538,26.7,3.1,
Rudy Gobert,UTA,912,0,,9.8,0.694,9.3,0.677,5.1,13.7,1.4,1,4.4,2.7,5.3,20,0.716,15.1,4.4,
Karl-Anthony Towns,MIN,920,5.6,0.34,19.7,0.513,7.2,0.779,4.8,10.9,3.3,1,2,3.5,4.4,31.5,0.553,27.8,-0.3,
Marcin Gortat,WAS,923,0.1,0,11.9,0.568,3.2,0.61,4.7,11.7,2.3,0.8,1.6,2.1,4.7,15.4,0.579,13.6,1.4,
Stephen Curry,GSW,927,13.6,0.403,10.9,0.564,7.6,0.932,1,5.3,8.5,2.3,0.3,4.1,3.6,35.8,0.643,28.6,-1.3,
Wesley Matthews,DAL,929,12,0.392,7.6,0.393,3.9,0.826,0.3,4.3,3.1,2,0.2,2.4,3.3,23.3,0.546,21.4,-0.7,
Nicolas Batum,CHO,931,7.8,0.333,9.3,0.417,5.2,0.794,0.9,9.9,7.8,1.7,0.5,3.5,2.5,19.7,0.507,20.6,1.8,
Trevor Ariza,HOU,934,10.9,0.377,4.5,0.57,1.7,0.727,1.1,6.3,2.8,3,0.4,1.3,2.3,18.7,0.579,15.3,1.1,
Marcus Morris,DET,934,7.1,0.364,12.7,0.487,2.3,0.829,1.2,5.4,2.9,1.3,0.5,1.8,3,22,0.529,20,0.6,
Kentavious Caldwell-Pope,DET,935,8.5,0.387,11.2,0.431,3.8,0.826,1.5,4.1,4.7,1.8,0.2,1.8,2.7,22.7,0.53,20.5,0.4,
Kristaps Porzingis,NYK,935,7.7,0.384,15.6,0.485,6.2,0.786,2.7,8.2,1.9,1,2.5,2.1,5.4,28.9,0.555,24.4,-0.8,
Hassan Whiteside,MIA,935,0,,20.8,0.543,8.1,0.527,6.4,16.3,1,1.1,3.5,3.1,5,26.9,0.551,23.9,1.3,
Klay Thompson,GSW,941,11.1,0.372,13.6,0.556,3.7,0.889,0.9,4,3.1,0.9,0.5,2.6,2.9,30.7,0.585,25.8,-2.9,
Jimmy Butler,CHI,944,4.7,0.345,18.7,0.48,13.3,0.887,2.3,7.1,5.9,2.4,0.5,2.9,2.5,34.5,0.592,27.4,0.4,
Zach LaVine,MIN,949,8.9,0.375,12.7,0.542,4.4,0.854,0.5,3.6,4.3,1.1,0.3,2.7,3,27.5,0.585,22.7,-3.2,
Russell Westbrook,OKC,949,7.6,0.327,25.5,0.452,14.4,0.814,2.9,11.7,15.3,1.9,0.5,7.8,3.4,42.2,0.535,41.3,4.5,
Avery Bradley,BOS,951,7.4,0.426,14.3,0.507,2.2,0.756,1.7,8.9,3.6,1.6,0.3,2.6,3.7,25.6,0.565,22.6,-0.1,
Andrew Wiggins,MIN,954,5.1,0.381,19.1,0.449,9.3,0.761,1.6,4.2,3.3,0.8,0.5,3.4,3,30.1,0.531,27.6,-3.3,
Evan Fournier,ORL,955,7.7,0.363,13,0.5,6.3,0.849,0.8,3.6,5.3,1.6,0.1,3.2,4.2,26.8,0.569,23.7,-2,
DeMar DeRozan,TOR,956,2.4,0.289,27.3,0.506,12.8,0.851,1.3,6.2,5.9,1.7,0.1,3.8,2.6,40.6,0.574,34.5,-1.8,
Tobias Harris,DET,958,5.5,0.33,15.1,0.53,4,0.892,0.9,6.7,2.7,1.1,0.9,2.2,2.8,25,0.559,21.6,0.7,
Kevin Durant,GSW,961,6.6,0.409,16.9,0.589,9.4,0.862,0.9,10.9,6.5,1.7,2.3,3.1,2.9,36,0.653,27.4,2.2,
Harrison Barnes,DAL,987,4.3,0.338,21.1,0.485,5.1,0.853,2.3,5.8,1.9,1.3,0.3,2,2.3,29.1,0.527,26.7,-1.6,
C.J. McCollum,POR,989,8.1,0.455,16.3,0.489,4.8,0.908,1.2,4,5.2,1.4,0.8,3.1,4,31.5,0.592,26.5,-2.8,
Kyle Lowry,TOR,1002,9.9,0.449,10.3,0.458,7.2,0.853,1.3,5.1,10.1,1.9,0.4,3.9,3.9,28.9,0.619,24,-1,
Anthony Davis,NOP,1011,2.8,0.276,24.9,0.518,13,0.813,2.4,11.9,2.9,2,3.6,3.3,2.8,38.6,0.578,33.2,2.7,
James Harden,HOU,1030,11.4,0.356,13,0.513,13.7,0.836,1.7,9,15.8,2,0.4,7.4,3.5,36.9,0.607,33.1,1.4,
Damian Lillard,POR,1030,9.9,0.368,16.4,0.52,10.9,0.895,0.8,5.4,8,1.2,0.4,3.7,3.5,37.7,0.607,31.1,-3.2,